id,text,score,answer
1100,为推翻北洋军阀的反动通知和抗击日本侵略、挽救民族危亡、国共两党曾两次合作。请分别说出国共两次合作的重要历史作用。,4.0,第一次国共合作，进行国民革命运动，有力推动了北伐战争的胜利，推翻北洋军阀统治（2分）；第二次国共合作，建立抗日民族统一展现，领导全民族抗战，成为抗日胜利的保障（2分）。
1701,列举孙中山领导辛亥革命的指导思想,4.0,三民主义（1分）；民族（1分）；民权（1分）；民生（1分）。
1702,列举第一，二次工业革命中出现的新式交通工具,4.0,轮船（1分）；火车（1分）；汽车（1分）；飞机（1分）。
1703,列举《南京条约》《马关条约》中被列强割占的地方？,6.0,《南京条约》，英国（1分）；香港岛（1分）；《马关条约》，日本（1分）；辽东半岛（1分）；台湾（1分）；澎湖列岛（1分）。
0201,对“唐太宗与贞观之治的评价”,6.0,（1）知人善任（1分），他用人不计较资历出身，不计亲疏恩怨，凡有治国安邦之才，都委以重任。（2分）（2）虚心纳谏（1分），唐太宗在位期间，觐见的大臣很多，以魏徵最著名。（2分）
0202,中国为什么能恢复在联合国的合法席位,6.0,（1）经过全国人民的多年共同努力，中国经济、文化、教育、科技、国防等各个方面取得了很大成就。（2分）（2）中国政府长期坚持奉行独立自主的和平外交政策。（2分）（3）由于当时国际关系格局影响。（2分）
0203,从日本、韩国、新加坡发展的史实中，人们能够得到什么启示？,6.0,（1）要坚持不懈的狠抓教育事业。（2分）（2）要加强同国外的科技合作，大胆引进海外人才，密切关注世界科技发展新动态。（2分）（3）在加入世贸组织的基础上积极开拓国际市场，迅速发展对外贸易，加强对发展中国家的投资。（2分）
0204,比较秦始皇、汉武帝、唐太宗他们有哪些共同点？,6.0,（1）富有才干（2分）（2）英武果断（2分）（3）勇于创新（2分）
0205,怎样评价林肯？,4.0,（1）内战期间颁布了《宅地法》和《解放黑人奴隶宣言》，扭转了战局加速了北方军事胜利的进程。（2分）（2）领导美国人民取得了南北战争的胜利，维护了国家统一，为美国资本主义的加速发展扫清了道路，并为美国跻身于世界列国之列奠定了基础。（2分）
0206,第一次世界大战的影响？,8.0,（1）战争给人类造成深重的灾难和破坏。（2分）（2）第一次世界大战引发了一系列革命运动，俄国十月革命建立第一个社会主义国家。（2分）（3）第一次世界大战改变了资本主义列强的战略战局。欧洲在世界上的中心地位开始动摇，美国和日本迅速崛起。（2分）（4）第一次世界大战在客观上推动了科学技术的发展。（2分）
0207,指出中国“新民主主义革命”开始于哪一事件。说出“周恩来同志为我们党探索中国革命正确道路、创建人民军队、创建革命统一战线”过程中的历史事件,2.0,五四运动（1分）担任黄埔军校政治部主任；领导南昌起义；参加长征；促进西安事变和平解决；参加重庆谈判；等等（1分，答出其中任一点即可，符合题意的其他答案也可）
0208,"20世纪30年代美国曾遭遇了重大危机,它是如何摆脱危机的?这一做法,在美国历史的发展进程中起了什么作用?",3.0,"罗斯福新政或新政。（1分）提示:增强了美国政府的宏观调控能力,恢复了美国人民的信心,对资本主义世界产生了深远影响等。(言之有理即可)（2分）"
0209,概括20世纪20～30年代苏联工业发展状况。根据上述材料探究其原因,8.0,迅速发展。（2分）苏联制定并实施了两个五年计划；（2分）苏联人民文化、技术水平的提高；（2分）利用西方经济危机的时刻，大量购买西方先进机器设备，招聘技术专家。（2分）
0501,抗美援朝战争朝中军队为什么能取得胜利？,4.0,抗美援朝战争的正义性（1分）；国内人民的大力支持（1分）；志愿军战士和朝鲜军民并肩战斗，英勇善战（1分）；党的英明决策（1分）。
0502,简述建国初期土地改革的历史意义。,6.0,（1）土地改革的完成，彻底摧毁了我国存在两千多年的封建地主土地制度，地主阶级也被消灭；（2分）（2）农民翻了身，得到了土地，成为土地的主人。（2分）（3）这使人民政权更加巩固，大大解放了农村生产力，农业生产获得迅速恢复和发展，为国家的工业化建设准备了重要条件。（2分）
0503,新中国诞生的历史意义是什么？,8.0,（1）开辟了中国历史的新纪元，从此，中国结束了一百多年来被侵略被奴役的屈辱历史，真正成为独立自主的国家；（3分）（2）中国人民从此站起来了，成为国家的主人；（2分）（3）新中国的成立，壮大了世界和平、民主和社会主义的力量，鼓舞了世界被压迫民族和被压迫人民争取解放的斗争。（3分）
0701,隋朝能够统一南北的客观历史条件是什么呢,4.0,"长期以来,由于北方民族的大融合,南北对峙的民族矛盾逐渐消失（1分）；江南经济发展,南北经济发展水平差距缩小,为隋朝统一全国提供了物质条件（1分）；广大人民经过长期的战乱,向往统一（1分）；南朝陈政权本身的腐朽（1分）"
0702,辛亥革命的意义是什么,6.0,辛亥革命推翻了清朝统治，结束了我国两千多年的封建帝制（2分），使民主共和观念深入人心（2分），但辛亥革命的果实被袁世凯窃取了，它没有改变中国半殖民地半封建社会的性质。（2分）
0703,中国共产党的诞生有何重要意义,6.0,中国共产党的诞生是中国历史上开天辟地的大事（3分），自从有了中国共产党，中国革命的面貌就焕然一新了（3分）。
0704,秦始皇所采取的统一措施有哪些,8.0,政治上，加强中央集权，在中央设丞相、太尉、御史大夫，在地方设立郡县制（2分）；经济上，统一度量衡、货币，全国统一使用圆形方孔的秦国铜钱（2分）；文化上，统一文字，把小篆作为全国规范的文字（2分）；军事上，为了抵御匈奴，修筑长城。（2分）考生答出政治、经济、军事、文化四个方面的措施，每个方面各占2分
0705,列举近代文学艺术的主要成就?,6.0,①文学:鲁迅的《狂人日记和《阿Q正传》，茅盾的《子夜》（2分）；②绘画:齐白石擅绘花鸟草虫，徐悲鸿代表作品有《田横五百士》和《愚公移山》（2分）；③音乐:聂耳创作了《义勇军进行曲》，洗星海创作《黄河大合唱》。（2分）
0706,第一次世界大战期间，中国民族工业出现短暂春天的原因是什么？,4.0,(1）内因:辛亥革命后，中华民国临时政府颁布了一系列奖励发展实业的法令。（2分）(2）外因:第一次世界大战期间，西方列强忙于欧洲战事，暂时放松了对中国的经济侵略。（2分）
0707,比较郑和下西洋与欧洲新航路开辟的不同之处,8.0,①目的不同∶郑和下西洋是为了加强同其他国家的联系﹔西欧开辟新航路主要是为了寻找财富。（2分）②规模不同∶郑和出航的规模远远大于西方。（2分）③时间不同︰郑和1405—1433年先后7次远航，比西方早半个多世纪。（2分）④影响不同︰郑和远航促进并加强了我国同亚非各国经济交流和友好关系;新航路的开辟使世界开始连成一个整体，促进了西欧资本主义发展。（2分）
0708,中英《南京条约》的主要内容是什么,4.0,①割地：割香港岛给英国（1分）；②赔款：2100万银元（1分）；③通商：开放广州、厦门、福州、宁波、上海为通商口岸（1分）；④协税：中国须同英国协定关税。（1分）
0709,六朝时期南方地区得以开发的最主要原因有哪些,6.0,南方地方温暖，土地肥沃，有利于农业发展（2分）；北方战乱造成人口大规模南迁，一方面改变了南方人广地少的局面，有利于垦辟荒地，另一方面带来了先进的生产技术和生产经验，促进了经济的发展（2分）；经过统治者和老百姓的长期开发。（2分）
1401,秦国商鞅变法的内容和意义？,6.0,答:内容:鼓励农民开垦土地（1分）;废除贵族的世袭特权（1分）;奖励耕战;建立郡县制（1分）。意义:变法使秦国的封建经济得到发展，（1分）军队战斗力加强，逐步成为战国后的统一大业奠定基础。（2分）
1402,汉武帝的巩固统一措施。,6.0,答:民族政策:北击匈奴，河西屯边，西南开边，西汉成为当时世界上最强大的国家之一（2分）。经济政策:废半两钱，改铸五铢钱。在关中开凿六辅渠和白渠。治理黄河（2分）。文化政策:“独尊儒术”，兴办太学（2分）。
1403,新航路开辟的重要影响。,6.0,答:新航路的开辟，推动了海外扩张和世界市场的初步形成，促进了资本原始积累。（3分）打破了世界各地区间的封闭和孤立状态（1分），把旧大陆与新大陆联系在一起，世界历史迈出了从分散走向整体的关键性一步（2分）
1404,工业革命对人类社会产生的影响。,6.0,答:工业革命创造了巨大的生产力，促进了经济的迅速发展（2分）。为新生的资本主义制度奠定了坚实的物质基础（1分）。欧美各国先后实现工业化，由农业国变成工业国（2分）英国确立了“世界工厂”的地位（1分）
1405,列举洋务派筹建的三支海军及创办的第一所新式学堂。,4.0,三支海军:南洋（1分）、北洋（1分）、福建（1分）第一所新式学堂:京师同文馆（1分）
1406,同盟会成立的时间、政治纲领、意义。,7.0,于1905年在日本东京成立（2分）;“驱除鞑虏，恢复中华，建立民国，平均地权”;（2分）它是中国第一个全国规模的统一的资产阶级革命政党，它的成立，大大推动了全国的资产阶级民主革命运动（3分）
0401,简述明朝君主专制空前加强的表现。,8.0,明太祖废丞相，由六部分理朝政，六部长官直接对皇帝负责（2分）;设立厂卫等特务机构，监视百官和镇压人民（2分）;采用八股取士，培养皇帝的忠实奴仆（2分）;废行中书省，在各地设三司，三司直接隶属中央（2分）
0402,鸦片的输入给中国造成什么影响？林则徐从什么立场提出严禁鸦片的主张？,3.0,鸦片输入中国给中华民族带来深重灾难：严重危害健康；导致白银大量外流，加重了人民负担，也影响清政府的财政收入（2分）；站在维护清朝统治的立场，林则徐主张严禁鸦片（1分）
0403,材料二我认为，美国的政策必须是支持自由国家人民抵抗少数武装分子，或外来压力的征服企图。材料二体现的政策叫什么？其本质和目的何在？,3.0,杜鲁门主义（1分）；它公开声称要干涉世界各国内政，旨在确立美国在世界上的霸权地位（2分）
0404,冷战爆发的原因,5.0,1.二战后美苏成为势均力敌的超级大国。（1分）2二战后美苏失去了战时合作的基础。（1分）3.美国在二战后确立了世界霸权的政策，并视苏联为障碍。（1分）4.美苏社会制度和意识形态的根本对立是冷战爆发的根本原因。（1分）
0405,党在过渡时期总路线是什么,4.0,要在一个相当长的时期内，逐步实现国家的社会主义工业化，并逐步实现国家对农业、对手工业和对资本主义工商业的社会主义改造。
0406,十月革命的主要原因是什么,5.0,1、资本主义有相当程度的发展，具备帝国主义的基本特征。2、无产阶级深受多重压迫与剥削，阶级矛盾激化。3、无产阶级政党较成熟，列宁主义理论的形成与发展。4、农民阶级与资产阶级矛盾也激化，革命性较强。5、一战激化了社会各种矛盾，社会危机形成总爆发趋势。
1001,清朝采取的对外政策？该政策产生了什么影响？,4.0,闭关锁国（1分）；切断了中外经济文化交流的通道，阻碍了中国经济文化的发展，是中国近代社会落伍的重要原因（3分）
1002,宋朝对外贸易发展的重要条件是什么？,2.0,宋代农业的发展，手工业的进步（2分）
1003,分别写出隋唐时期和明清时期出现的一个盛世,2.0,贞观之治（1分）；康乾盛世（1分）
1501,写出一个20世纪40年代为克服“经济民族主义”而建立的国际组织名称。指出美国兴起“新经济民族主义”的原因和消极影响。,4.0,"名称：关税及贸易总协定(或国际货币基金组织;世界银行;联合国)。(1分)原因：贸易政策改变,新保守主义(或新自由主义)成为对外贸易主导思想;20世纪70年代出现经济“滞涨”;日本、欧洲、中国等经济体崛起;对外贸易逆差和国际收支赤字不断扩大。(2分)消极影响:损人害已;不利于当今世界经济发展;不利于国际经济新秩序建立。(1分)"
1502,"汉武帝采取董仲舒的建议是何意图?概括汉武帝选官制度的特点,分析其积极作用。",3.0,"意图:实现大一统。(1分)特点:崇尚儒学教育,培养后备官员;选用儒生做官;推荐与考核相结合(方式多元化);任人唯才。(1分)作用:推动了儒学的传播与发展,进了文化教育的繁荣;提高了官员素质,为西汉的强盛奠定了人才基础:有利于大一统局面的稳固。(1分)"
1503,"科举考试主要科目有哪些?概括科举选官制度的主要特点,分析其对国家治理的积极作用。",3.0,"科目:进士和明经。(1分)特点:考查内容以儒家经义为主;选拔形式具有开放性;选拔程序具有严密性、系统性。(1分)作用:普及儒家价值及思想,形成文化认同,有利于稳固统治;选拔文化素质较高的官员,提高行政效率;打破选官的世袭特权促进社会阶层的流动,扩大统治基础,维护社会稳定;兼顾边疆人才选拔,促进边疆开发和民族团结。(1分)"
1301,五四运动的性质是什么？五四运动促进了什么思想在中国的广泛传播？我们当代青少年应该如何继承和发扬五四精神？,4.0,五四运动是一次彻底的反对帝国主义和封建主义的爱国运动（1分）；马克思主义（1分）；围绕五四精神的四个方面（爱国、进步、民主、科学）正面回答。言之有理即可（2分）。
1302,大革命失败后，毛泽东为中国革命开创了一条什么样的道路？三大主力师标志着红军长征的胜利，简述红军长征胜利的历史意义。,3.0,开创了一条工农武装割据，农村包围城市、武装夺取政权的革命道路（答出工农武装割据，农村包围城市，井冈山道路任何一点，均可给一分）（1分）；红军长征胜利的历史意义：粉碎了国民党反动派消灭红军的企图，保存了党和红军的基干力量，使中国革命转危为安（1分）；长征播下了革命的种子，铸就了长征精神，打开了中国革命的新局面（1分）。
1303,中国真正成为独立自主的国家、中国人民从此站起来了的标志是什么？为了有计划的进行社会主义建树，改变落后的工业面貌。我国政府采取了什么措施？第一届全国人民代表大会确立的我国的根本制度是什么？,3.0,中华人民共和国成立（或开国大典）（1分）；第一个五年计划的实施（或集中力量发展重工业和三大改造）（1分）；人民代表大会制度（1分）。
1304,两次世界大战爆发的根本原因是什么？简要回答世界反法西斯战争胜利的主要原因。,3.0,帝国主义国家之间的政治经济发展不平衡（1分）。胜利的主要原因：世界反法西斯战争是正义的战争；世界反法西斯联盟的建立（反法西斯力量的联合）；反法西斯国家相互支援，协同作战（世界人民的相互支持）等（2分）。
1305,抗日战争是中国的国际地位得到提高的主要原因是什么？两次世界大战后中国国际地位的变化带给我们的启示是什么？,3.0,中国战场是世界反法西斯战争的东方主战场，对世界反法西斯战争的胜利、维护世界和平做出了巨大贡献（1分）。启示：“弱国无外交”，国家实力决定国际地位；要增强民族凝聚力，振奋民族精神；增强大国责任意识，在国际事务中主动发挥积极作用等（2分）。
1306,二战后国际关系格局发生了怎样的变化？中国的前途命运日益紧密地同世界的前途命运联系在一起，我们应如何顺应历史发展潮流，共创人类美好的未来？,4.0,由两极格局向国际化趋势发展（2分）。坚持改革开放；尊重文明多样性；维护国际公平正义；反对霸权主义和强权政治；构建人类命运共同体等（2分）
1504,孙中山的早期主要革命活动，辛亥革命意义。,5.0,孙中山革命活动:在广州领导起义:成立兴中会:建立中国同盟会等。（2分）辛亥革命意义:辛亥革命推翻了清朝的统治，结束了我国二千多年的封建帝制，使民主共和观念深入民心，但它没有改变中国半殖民地半封建社会的性质。（3分）
1505,结合《辛丑条约》的主要内容，分析《辛丑条约》对中国民族危机全面加深的影响。,4.0,《辛丑条约》主要内容分别从经济、政治、军事、使馆等方面入侵中国，经济方面要求清政府赔款数量大，给中国人民增加了新的沉重的负担，政治上要求清政府向帝国主义保证严禁人民参加反帝活动，清政府完全成为帝国主义统治中国的工具，军事上清政府拆毁大沽炮台，允许帝国主义国家派兵驻扎北京到山海关铁路沿线要地，使馆方面划定北京东郊民巷为使馆界，允许各国驻兵保护，不准中国人居住，军事和使馆及政治方面的侵略严重损害了中国主权，中国完全陷入了半殖民地半封建社会的深渊。
1506,洋务运动中在中央和地方的代表各有哪些?对此有何评价?,5.0,中央:奕忻为代表;地方:曾国藩、李鸿章、左宗棠、张之洞为代表评价:这是一场失败的封建统治者的自救运动:它没有使中国富强起来，但引进了西方先进的科学技术，使中国出现了第一批近代企业，在客观上为中国民族资本主义的产生和发展起到了促进作用，为中国的近代化开辟了道路。
1004,罗斯福新政的特点和中心措施各是什么？,2.0,加强国家对经济的干预和指导（1分）；对工业的调整（1分）
1005,罗斯福新政的历史作用是什么？,2.0,美国经济缓慢恢复过来，人民生活得到改善；资本主义制度得到调整，巩固与发展；资本主义国家对经济的宏观控制与管理得到加强；新政在美国和世界资本主义发展史上具有重要意义（答出任意二点得2分)。
1006,根据材料二并结合所学知识，指出唐太宗把哪位公主嫁给松赞干布。（2分）这带来了什么影响？（2分）,4.0,文成公主。（2分）促进了吐蕃经济和社会的发展。（2分）
1201,鸦片战争的影响是什么？,3.0,鸦片战争改变了中国历史发展的进程。（1分）中国不再享有完整独立的主权，中国社会的自然经济遭到破坏，开始从封建社会变为半殖民地半封建社会。（1分）鸦片战争成为中国近代史的开端。（1分）
1202,新文化运动的意义是什么？,4.0,新文化运动动摇了封建道德礼教的统治地位；（1分）使中国人民接受了一次民主与科学的洗礼；（1分）为随后爆发的五四运动起了思想宣传和铺垫作用；（1分）尽管新文化运动对于中国传统文化的看法带有一定的片面性，但它仍然是一次伟大的思想解放运动。（1分）
1203,平型关大捷的时间和影响？,3.0,"1937年9月；（1分）平型关大捷师全民族抗战以来中国军队取得得第一个胜利,（1分）粉碎了日军“不可战胜”的神话。（1分）"
1204,英法德三大工人运动及意义,4.0,（1）1831年和1834年法国里昂工人先后举行了两次起义，1838年英国爆发了延续十余年的全国性的工人运动——宪章运动，1844年德国西里西亚纺织工人举行起义。（2分）（2）标志现代无产阶级作为独立的政治力量登上了历史舞台。（2分）
1205,九一八事变的意义,4.0,（1）揭开了日本对中国、亚洲及太平洋地区的全面武装侵略的序幕（2分）（2）九一八事件的爆发给中国带来深重的伤害，中国的社会性质开始转变为一个殖民地、半殖民地、半封建社会。（2分）
1206,整风运动的任务,3.0,反对主观主义以整顿学风（1分）反对宗派主义以整顿党风（1分）反对党八股以整顿文风（1分）
1207,中国为什么能够恢复在联合国的合法席位?,3.0,(1)经过全国人民的多年共同努力，中国经济、文化、教育、科技、国防等各个方面取得了很大成就。中国在联合国的合法席位的恢复，是国际社会对新中国建设成就的确认，是中国综合实力提高的必然结果。（1分）(2)中国政府长期坚持奉行独立自主的和平外交政策，积极发展同世界各国的友好关系，赢得世界上所有爱好和平的国家的尊重。（1分）(3)从当时的国际关系格局来看，一方面美苏矛盾尖锐，冷战愈演愈烈，美国希望改善对华关系，籍以牵制、对抗苏联。另一方面亚非国家强大团结起来，成为国际舞台上的一支不可忽视的力量，他们支持恢复中国在联合国的合法席位。（1分）
1208,近代帝国主义提出的门户开放和当今的对外开放政策在本质上有何不同?,3.0,"（1）历史背景不同:门户开放是在19世纪末由美国提出并得到帝国主义认可的对华侵略政策。对外开放是独立自主的中国为加速社会主义建设而提出的基本国策。（1分）（2)两者的内容不同:门户开放政策是美国承认列强在中国的势力范围和既得的特权的前提下，要求里一群站，要求中国内地全部开放是帝国主义国家都享有投资的权力。对外开放是中国按照平等互利的原则,引进外国先进的科学技术，利用外国资金，学习外国经验，为我国的现代化建设服务。（1分）（3)两者的后果不同:门户开放是帝国主义在一定程度上形成了在个中国的同盟。对外开放是为我国社会主义现代化建设服务，发展了我国的经济，是我国更加强盛。（1分）"
1209,世界近现代史上三次科技革命对历史发展的作用和影响,3.0,(1)工业革命：促进了资本主义经济的迅速发展，建立了资本主义世界体系，并开始对外迅速扩张，亚非拉美地区成为它们的殖民地。（1分）（2）第二次工业革命大大提高了生产力，使资本主义进入帝国主义阶段，见大对外侵略，掀起了瓜分世界的狂潮。（1分）（3）第三次科技革命极大的提高了生产力，导致第三产业和信息技术产业的出现，极大的改变了人们的生活、学习交往和思维方式，更加证明了科学技术是第一生产力。（1分）
0801,秦国的商鞅变法内容有哪些？,4.0,鼓励农民开垦土地（1分）；废除贵族的世袭特权（1分）；奖励耕战（1分）；建立郡县制（1分）。
0802,六朝时期南方地区得以开发最主要的原因有哪些？,4.0,南方温暖湿润，土地肥沃，有利于农业发展（1分）；由于北方的长期战乱，造成人口大规模南迁，一方面改变南方人少地广的局面，有利于垦辟荒地；另一方面带来了先进的生产技术和经验，促进了经济的发展（2分）；经过统治者和老百姓的长期开发（1分）。
0803,清朝前期君主集权强化的措施。,2.0,大兴文字狱（1分）；设军机处（1分）。
0804,为建立和巩固资产阶级专政，主要资本主义国家颁布了哪些文献？,6.0,英国：《权利法案》（1分）；美国：独立战争-《独立宣言》，南北战争-《解放黑人奴隶宣言》《宅地法》（3分）；法国：《人权宣言》《拿破仑法典》（2分）。
0805,西欧各国是通过什么方式走上资本主义道路的？,4.0,资产阶级性质的革命或战争（美国通过独立战争，英国通过资产阶级革命，法国通过大革命）（2分）；资产阶级性质的改革（日本通过明治维新自上而下的改革确立，俄国通过农奴制改革确立）（2分）
0806,20世纪发生的两次世界大战性质有何差异？,2.0,第一次世界大战是帝国主义国家掠夺性的非正义战争（1分）；第二次世界大战是一场世界人民反法西斯的正义战争（1分）。
0807,什么叫“冷战”政策？它表现在哪些方面？,5.0,美国采取战争以外的一切手段，遏制苏联等社会主义国家，稳定和控制资本主义世界的政策被称为“冷战”政策（2分）；表现为：政治上提出“杜鲁门主义”，经济上实施“马歇尔计划”，军事上成立北大西洋公约组织（3分）。
0808,结合史实评价华盛顿这位人物。,4.0,华盛顿领导美国人民推翻了英国殖民统治，赢得了民族独立（1分）；扫除了美国资本主义发展的障碍，有利于美国资本主义的发展（1分）；对以后欧洲和拉丁美洲的革命也起了推动作用（1分）；为美国及世界历史的发展作过重要贡献（1分）。
0809,第一次世界大战后至今，世界格局经历了怎样的变化？,3.0,“一战”后的凡尔赛—华盛顿体系：确立了帝国主义在世界范围内的统治秩序（1分）；“二战”后的雅尔塔体系：美苏争霸的两极格局（1分）；东欧剧变、苏联解体后的多极化趋势：新的世界格局尚未形成，世界多极化在加速发展（1分）。
0601,商鞅变法的意义,6.0,经过商鞅变法，秦国的经济得到发展（2分），军队战斗力不断加强（2分），成为战国后期最富强的封建国家，为统一全国奠定了基础（2分）
0602,评价洋务运动,6.0,洋务运动是一次失败的封建统治者的自救运动（2分），它没有使中国富强起来，但是引进了西方先进的科技（2分），在客观上为中国民族资本主义的产生和发展起了促进作用，为中国近代化开辟了道路（2分）
0603,遵义会议的意义,4.0,挽救了党（1分），挽救了红军，挽救了革命（1分），是党史上生死攸关的转折点（2分）
0604,傲视群雄，兼并六国，统一了文字、货币、度量衡，建立起我国历史上第一个中央集权封建国家的帝王是,2.0,秦始皇（2分）
0605,根据我国民族分布大杂居、小聚居的特点，我国在少数民族聚居地区实行了什么基本政治制度,2.0,民族区域自治制度（2分）
0606,鸦片什么时候输入中国？英国为什么向中国输入鸦片？,6.0,鸦片在十八世纪初输入中国，（2分）原因：打开中国市场减少贸易逆差，（2分）有利于扩大殖民侵略范围（2分）
0607,南京条约和辛丑条约的签订，分别对中国社会发展的历程有何影响。,4.0,南京条约的签订，使中国开始沦为半殖民地半封建社会（2分），辛丑条约的签订，使中国完全沦为半殖民地半封建社会（2分）
0608,为推翻北洋军阀的反动统治和抗击日本侵略、挽救民族危亡，国共两党曾经两度合作。请分别说出国共两次合作的重要历史作用。,6.0,第一次国共合作，进行国民革命运动，有力地推动了北伐战争的胜利进军（2分），第二次国共合作，建立抗日民族统一战线，（2分）领导全民族抗战，成为抗日战争胜利的重要保证（2分）
0609,五四运动的性质及五四精神的核心内涵。,4.0,性质：反帝反封建（2分），核心内涵：爱国（2分）
1507,唐太宗推行的革新措施有哪些？,5.0,进一步完善三省六部制，明确中央机构的职权及决策程序（1分）；制定法律，减省刑罚（1分）；增加科举考试科目，鼓励士人报考，进士科成为最重要的科目（1分）；严格考察各级官吏的政绩（1分）；经济上，减轻人民的劳役负担，鼓励发展农业生产（1分）。
1508,评价辛亥革命的历史意义,6.0,辛亥革命是一次反帝反封建的资产阶级民主革命（2分）；推翻了清朝统治，结束了我国两千多年的封建帝制，使民主共和观念深入人心（1分）；促进了中国民族资本主义的发展（1分）；由于资产阶级的软弱和妥协，辛亥革命的果实被袁世凯窃取（2分）。
1509,西汉文帝和景帝治理对社会的安定和发展有何作用,6.0,提高生产积极性，使农业生产逐步恢复，粮价降低（2分）；农民能够稳定地提供赋税强促进了其他行业的发展（2分）；有利于汉朝统治的进一步巩固（2分）。
1101,秦始皇功与过,6.0,功：秦始皇顺应历史潮流，灭六国统一了中国，结束了诸侯长期割据混战的局面，符合广大人民的愿望（1分）；建立了君主专制中央集权制度，在地方推行郡县制（1分）；统一文字、货币、度量衡等，派蒙恬北击匈奴，修万里长城，修灵渠，巩固了统一，促进了各地区各民族之间的经济文化交流，对后世产生了深远影响（1分）。过：但是他又是统治残暴的封建皇帝（1分）。他广建宫殿陵墓，浪费了大量人力、物力、财力，他还制定残酷的刑法，使人民生活在水深火热之中（1分）；他焚书坑儒，钳制了思想，摧残了文化（1分）。
1102,比较郑和下西洋与欧洲新航路开辟的不同之处,4.0,目的不同：郑和下西洋是为了加强同其他国家的联系；西欧开辟新航路主要是为了寻找财富。（1分）规模不同：郑和出航的规模远远大于西方。（1分）时间不同：郑和1405—1433年先后7次远航，比西方早半个多世纪。（1分）影响不同：郑和远航促进并加强了我国同亚非各国经济交流和友好关系；新航路的开辟使世界开始连成一个整体，促进了西欧资本主义发展。（1分）
1103,第一次世界大战后至今，世界格局经历了怎样的变化？,6.0,“一战”后的凡尔赛——华盛顿体系：确立了帝国主义在世界范围内的统治秩序（2分）。“二战”后的雅尔塔体系：美苏争霸的两极格局（2分）。东欧剧变、苏联解体后的多极化趋势：新的世界格局尚未形成，世界多极化在加速发展（2分）。
1104,谈谈发展中美两国新型大国关系的看法、建议,4.0,（1）求同存异、增强政治互信；（1分）（2）促进经济合作与共赢、加强文化交流、加强国际事务合作；（1分）（3）坚持和平共处五项原则（1分）（4）坚持和平发展，坚持以和平方式解决争端，珍惜和平发展机遇期。（1分）
1105,谈谈对外交往的发展对我们的启示,5.0,开放利于进步，闭关导致落后；（1分）独立自主、平等互利是外交的保障；（1分）国家利益是外交的出发点；（1分）维护国家安定和统一是外交发展的保障（1分）外交政策要随着时代发展不断变化。（1分）
1106,第二次世界大战（的胜利）给全世界人民什么启迪？,3.0,(1)二战的胜利来之不易，我们应该维护它，热爱和平，不让世界大战的悲剧重演。（1分）(2)人民才是历史前进的动力，在挑战面前，全世界人民必须联合起来，才能赢得胜利。（1分）(3)所有国家都应当互不侵犯，互不干涉内政，和平共处，加强国际合作，国际合作可以维护世界和平。我们才能共同发展，共同进步。（1分）
1107,秦始皇的统一措施有哪些,4.0,(1).政治上，加强中央专制集权，在中央设丞相、太尉、御史大夫，在地方设立郡县制。（1分）(2)、经济上，统一度量衡、货币，全国统--使用圆形方孔的秦国铜钱。（1分）(3)、文化上，统一文字，把小篆作为全国规范的文字。（1分）(4)、军事上，为了抵御匈奴，修筑长城。（1分）
1108,"六朝时期南方地区得以开发,最主要的原因:",3.0,(1)、南方温暖湿润，土地肥沃，有利于农业发展。（1分）(2)、由于北方的长期战乱，造成人口大规模的南迁，一方面改变南方人少地广的局面，有利于垦辟荒地;另一方面带来了先进的生产技术和生产经验，促进了经济的发展。（1分）(3)、经过统治者和老百姓的长期开发。（1分）
1109,中英《南京条约》的主要内容是什么,5.0,割香港岛给英国（1分）;赔款2100万元（1分）;开放广州、厦门、福州、宁波、上海五处为通商口岸（1分）;英商进出口货物缴纳的税款，中国须同英国商定（1分）;允许英国在通商口岸设驻领事（1分）。
0901,五四运动的性质及五四精神的核心内涵,4.0,性质：反帝反封建（2分）；核心内涵：爱国（2分）
0902,你认为在当今世界，国家间的相互合作应遵循怎样的原则,2.0,原则：以互相尊重国家主权为前提；平等协商；和平共处；互惠互利；共同发展，共同维护世界和平与安全等。（2分）（答出其中一例，言之有理即可）
0903,北伐战争的目的,2.0,推翻北洋军阀的统治，从军阀手中解放中国；（1分）赢得在各国中的正当的平等地位。（1分）
0904,西安事变和平解决的意义,6.0,标志着十年内战基本结束（3分）抗日民族统一战线初步形成（3分）
0905,概况抗日战争所体现的民族精神及抗战胜利的决定性原因,10.0,体现的民族精神：视死如归、宁死不屈的民族气节；（2分）不畏强暴、血战到底的英雄气概；天下兴亡、匹夫有责的爱国情怀；（2分）百折不挠、坚韧不拔的必胜信念。（2分）原因：中国人民巨大的民族觉醒，空前的民族团结和英勇的民族抗争。（2分）
0906,习主席提出的“四个坚持”对全球化发展有何意义？基于民族主义应如何理性爱国？,7.0,有利于维护多边贸易体制，符合中国人民和世界各国人民的共同利益；（1分）促进全球包容发展，符合经济全球化、世界多极化的趋势；（1分）有利于推动国际新秩序的建立，促进世界各国共同发展繁荣；（1分）有利于增强世界各国的经济实力和综合国力。理性爱国：（1分）坚持“四个自信”，面向世界和未来，维护和捍卫中华民族的利益和尊严；（1分）彰显大国风范，不陷入狭隘的民族主义，在加强与世界的交往中发展自己；（1分）将爱国热情转化为实际行动，坚定维护安定团结和改革开放的局面。（1分）
0907,北宋定都于何处？北宋建立之初在民族关系上面临的主要问题？如何解决的？,3.0,都城：开封；问题：辽占据幽云十六州（或辽建立后，不断向南扩张）解决：宋辽议和，签订“澶渊之盟”。（各1分）
0908,元朝何时统一全国？在政治上有何首创？,2.0,时间：1279年；首创：行省制度。（各1分）
0909,根据唐朝的政治制度，哪个权力机构负责制定对敌之策？,2.0,中书省（2分）
0301,戊戌变法的内容?意义?序幕?,6.0,序幕：公车上书拉开了百日维新的序幕（2分）;内容：康有为、梁启超联合各省1300多名举人，上书光绪帝，请求拒和、迁都、变法（2分）;意义：戊戌变法虽然失败了，但在思想文化方面产生了广泛而持久的影响，为资产阶级思想的传播起了启蒙作用。（2分）
0302,中共七大的内容是什么?,6.0,（1）制定了党的政治路线:放手发动群众，壮大人民力量，在中国共产党的领导下，打败日本侵略者，解放全国人民，建立一个新民主主义的中国（2分）。（2）毛泽东当选为中共中央主席（2分）。（3）大会确立毛泽东恩想为中国共产党的指导恩想并写入党章（2分）。
0303,南昌起义的背景是什么?,4.0,"从大革命失败的教训中，中国共产党开始认识到独立掌握革命武装力量的重要性（2分）。国民党反动派的血腥屠杀政策,激起了中国共产党和革命群众的极大愤慨和强烈反抗（2分）。"
1801,中国民族资本主义经济的特点?,10.0,民族资本主义经济在国民经济中所占的比重很小，它始终没有成为中国社会经济的主要形式。（2分）在民族工业中，工业资本所占的比重小，商业资本和金融资本所占的比重大。（2分）民族资本主义工业主要是以纺织、食品工业为主的轻工业，缺乏重工业的基础，不能构成一个完整的工业体系和国民经济体系，在技术、设备以至原材料方面不得不依赖外国垄断资本和本国官僚资本。（2分）民族资本所经营的工业，规模狭小，经营分散，技术设备落后，劳动生产率低。（2分）民族资本主义经济与封建势力也有千丝万缕的联系。（2分）
1802,为什么不能将太平天国运动定性为反帝反封建运动?,10.0,太平天国运动只属于旧式农民起义，它由农民阶级领导，具有不可克服的阶级属性，《天朝田亩制度》虽从根本上否定了封建地主的土地所有制，但平均主义却不符合实际，它所描绘的理想天国仍然是闭塞的自给自足的自然经济。（5分）当时处于第一次工业革命完成之后，各国还未进入帝国主义时期，而且太平天国的矛头也没有明确地对准列强，只能算是反侵略的战争。（5分）
1803,辛亥革命的历史意义?,5.0,辛亥革命推翻了封建势力的政治代表、帝国主义在中国的代理人清王朝的统治，沉重打击了中外反动势力，使中国反动统治者在政治上乱了阵脚。（1分）辛亥革命结束了统治中国两千多年的封建君主专制制度，建立了中国历史上第一个资产阶级共和政府，使民主共和观念开始深入人心。（1分）辛亥革命推动了中国人民的思想解放。（1分）辛亥革命推动了中国的社会变革，促使中国的社会经济、思想习惯和社会风俗等方面发生了新的积极变化。（1分）辛亥革命不仅在一定程度上打击了帝国主义的侵略势力，而且推动了亚洲各国民族解放运动的高潮。（1分）
1804,遵义会议的意义？,6.0,(1)遵义会议在极其危急的情况下挽救了中国共产党、挽救了中国工农红军、挽救了中国革命，开始确立了以毛泽东为代表的新的中央的领导，成为中国共产党历史上一个生死攸关的转折点。(三个挽救，一个转折)（2分）(2)标志着中国共产党在政治上走向成熟《遵义会议的一系列重大决策，是在中国共产党同共产国际中断联系的情况下，独立自主地作出的。（2分）(3)证明中国共产党是具有自我净化(具有自身纠错能力)和自我发展的能力的，通过总结成功的经验和失误的教训，不断地把党及党所领导的革命事业不断推向前进的。（2分）
1805,中国实行社会主义改造的历史条件,8.0,(1)社会主义性质的国营经济力量相对比较强大，它是实现国家工业化的主要基础。（2分）(2)此本主义经济力量弱小，发展困难，不可能成为中国工业起飞的基础。（2分）(3)对个体农业进行社会主义改造，是保证工业发展、实现国家工业化的一个必要条件。（2分）(4)当时的国际环境也促使中国选择社会主义。（2分）
1806,新文化运动的背景,6.0,（1)政治方面：①帝国主义加紧侵略；②军阀统治，日趋黑暗，必须继续进行反帝反封建斗争。（2)经济方面：一战期间，中国资本主义进一步发展。资产阶级强烈要求实行民主政治，发展资本主义，这是根本原因。(3)思想文化方面：①西方启蒙思想进一步传播，民主共和的思想深入人心。②北洋军阀推行尊孔复古的逆流(民主共和观念和尊孔复古逆流势不两立)。各2分
1601,英国发动鸦片战争根本目的是什么?,6.0,找开中国市场（2分），推销工业（2分）和掠夺廉价的工业原料（2分）。
1602,"为实现这一目的,18世纪中中到19世纪中期，英国相继采取哪些手段?结果如何?",6.0,18世纪中期主要同中国进行正常贸易，没能打开中国市场。（2分）19世纪上半期，主要是向中国大量走私鸦片，中国白银大量外流，但由于林那么徐领导的禁烟运动使其遭受重创。（2分）19世纪中期，发动了侵略战争，用武力打开中国的大门。（2分）
1603,鸦片战争对中国社会造成的最严重影响是什么?,4.0,鸦片战争对中国造成的最严重的影响是使中国社会性质发生了变化（2分），由一个独立自主的封建社会开始沦为半殖民地半封建社会。（2分）
1604,试述太平天国运动、戍戌变法、义和团运动、辛亥革命各有什么特点。,8.0,太平天国运动是伟大的反封建反侵略的农民运动（1分），它是几千来农民战争的最高峰，沉重打击了中外反动势力（1分）。戊戌变法是自主而下的资产阶级改良运动（1分），其目的是挽救民族危亡，发展资本主义，因而是爱国的、进步，它起了思想启蒙作用，为资产阶级思，想的传播奠定了基础（1分）。义和团运动是轰轰烈烈的农民反帝爱国运动（1分），它沉重打击了中外反动势力，显示了中国人民的伟大力量（1分）。辛亥革命是一次伟大的反帝反封建的资产阶级民主革命（1分），它推翻社会制度，建立资产阶级民主共和国，颁布了《中华民国临时约法》，便民主共和国观念深入人民（1分）。
1605,他们带给人们的共同历史教训有哪些?,4.0,教训:这四次斗争都失败了，都没有能推翻封建主义的统治。没有改变中国沦为半殖民地半封建社会的命运（2分）这说明，在近代中国，无论农民，还是资产阶级维新派、革命派、都不能领导反帝反封建的斗争取得胜利，中国民主革命的任务只能由无产阶级来承担。（2分）
1606,世纪末20世纪初面对帝国主义侵略，中国社会各种政治力量分别采取哪些措施和行动来谋求救国之路挽救民族危亡的?,6.0,"资产阶级维新派：宣传维新思想（1分），发动戊戌变法（1分）。资产阶级革命派：宣传革命思想（1分），成立兴中会，筹划武装起义,推翻清政府（1分），提出了辛亥革命的指导思想——三民主义，为创建资产阶级共和国进行长期艰苦奋斗（1分）。人民群众：掀起义和团反帝国运动。（1分）"
0304,西汉文帝和景帝为什么要实行以农为本的政策?,3.0,"农业是主要生产部门,为当时社会之根本,农业收入是国家主要财源;（1分）大量土地荒芜,人民处于饥荒,国库亏空;（1分）为保障人民基本生存,社会安定,必须实行以农为本的政策。（1分）"
0305,西汉文帝和景帝治理社会的措施有哪些?,3.0,"要求各级官吏关心农桑,并进一步减经赋税和徭役,把田赋降到了三十税一;（1分）重视“以德化民”,废除了一些严邢峻法;（1分）③提倡勤俭治国,反对奢侈浮华。(1分)"
0306,"唐太宗统治时期出现了怎样的政治,经济局面?",8.0,政治局面:①政治清明（1分）;②社会铁序相对安定（1分）;③阶级矛盾相对缓和（1分）;④民族团结。（1分）经济局面:①经济得到进一步发晨（1分）;②国力增强;（1分）③社会风气开放;（1分）④生产水平提高。（1分）
0101,为推翻北洋军阀的反动统治和抗击日本侵略、挽救民族危亡，国共两党曾经两度合作。请分别说出国共两次合作的重要历史作用,4.0,第一次国共合作，进行国民革命运动，有力推动了北伐战争的胜利进军；（2分）第二次国共合作，建立抗日民族统一战线，领导全民族抗战，称为抗日战争胜利的重要保障（2分）
0102,中国四大发明对欧洲近代社会转型的起什么作用？18—19世纪的欧美各国、中国近代百年的变迁都属于社会转型期。请从各个时期经济、政治、思想方面的变化归纳导致以上社会转型的共同因素,4.0,都为过渡到资本主义社会创造了条件。(1分)共同因素：①经济：新兴经济成分的产生及发展成为社会变革的经济基础（欧美和中国近代资本主义经济）(1分)②政治：新兴阶级力量的形成（欧美和中国近代资产阶级力量的发展）；各国改革或革命运动的推动(1分)③科技文化的进步和思想解放运动的促进（近代自然科学诞生；启蒙运动）(1分)
0103,概括清末铁路发展的特点。有学者称“川汉铁路搞倒了一个王朝”，结合所学知识，谈谈你的认识,6.0,特点：政府的支持(1分)；资金来源多样（或：政府投资与民间集股、借款等并举）(1分)；洋务运动的推动；铁路布局集中在东部不均衡。(1分)认识：清政府为筹建川汉铁路曾发行股票，客观上有利于经济的发展(1分)；20世纪初，清政府准备把川汉铁路的修建权转让给外国，侵吞股银，加深了民众对清政府卖国政策的憎恨，加剧了清朝的统治危机，引发了四川保路运动(1分)；清政府调集湖北新军前往镇压，为湖北的革命势力提供了有利契机，成为武昌起义成功的重要因素(1分)。
0104,近代以来，资本主义列强发动了一系列侵略中国的战争，给中华民族带来了深重的灾难。（1）1840年，英国发动了侵略中国的鸦片战争，使中国的社会性质发生了什么变化？（2）1894年，日本发动了什么战争？战后中国被迫签订了什么条约？,6.0,由封建社会开始沦为半殖民地半封建社会（2分）甲午中日战争（2分）《马关条约》（2分）
0105,八国联军侵华发生在哪一年？对中国产生了什么影响？在什么战争中中国取得了最终胜利，从而改变了近代以来中国对外战争屡败的局面？,6.0,1900年，战后被迫签订了《辛丑条约》（2分），使中国完全沦为半殖民地半封建社会（2分）。抗日战争（2分）。
0106,美国独立战争的开始标志，美国独立战争的转折点,4.0,来克星顿的枪声（2分）；萨拉托加大捷（2分）
0307,第一次国内革命失败后，中国共产党独立领导的起义的名称,4.0,南昌起义（2分）秋收起义（2分）
0308,英、法、美、俄、日、在其资本主义发展道路上的最大障碍各是什么。,5.0,英：斯图亚特王朝的封建专制统治（1分）法：封建专制统治（1分）美：英国的殖民统治和黑人双隶制度（1分）俄：农双制（1分）日：封建幕府统治（1分）
0309,在20世纪70年代中国在外交上有哪些成就,6.0,1972年美国总统尼克松访华，双方签署《中美联合公报》，1979年中美正式建交，两国关系开始正常化。（2分）1971年10月，第26届联合国大会上恢复了中国在联合国的合法权利。（2分）1972年，日本首相田中角荣访华，中日正式建立外交关系。（2分）
0504,20世纪前半期欧洲的“两次分裂”具体指什么？丘吉尔的“意识”意味着世界格局开始了怎样的变化？,3.0,欧洲的“两次分裂“指两次世界大战；（1分）变化：英国失去了世界霸主的地位（或欧洲失去了世界中心的地位），（1分）美国、苏联开始成为世界的主导力量。（1分）
0505,法德关系的发展体现了欧洲发展的什么趋势？指出这一趋势出现的原因有哪些？,2.0,趋势：经济、政治一体化趋势；（1分）原因：两次世界大战给欧洲带来巨大灾难，欧洲人民渴望和平；面临苏联的威胁和美国的控制；顺应经济全球化的趋势。（1分，任答一点）
0506,如何理解近代中国民族资本主义“从分布到类型上都体现出‘后天不足’的病症”？,2.0,分布上：近代民族工业主要分布在沿海和沿江地区，地区分布极不平衡；（1分）类型上：近代民族工业主要集中在轻工业，重工业的基础极为薄弱。（1分）
0107,秦朝创立的政治制度思想基础是什么？这一制度有何特点？在中国古代长期延续的主要原因有哪些？,3.0,基础：法家思想。（1分）特点：皇权至高无上；帝位终身制和皇位世袭制；各级官吏一律由皇帝直接任免；“君权神授”；实行思想文化专制。（１分）原因：小农经济占主导地位；专制主义中央集权制度不断强化；封建思想根深蒂固。（１分）
0108,汉代向西域传播哪些技术？这一时期中欧关系有哪些主要特点？经济文化交流对欧洲发展有何影响？,3.0,技术：开渠、凿井、铸铁等技术。（1分）特点：时间早；间接交往为主；经济文化交流为主；中国文化影响欧洲（中华文明占主导地位）。（１分）影响：丝绸等传入欧洲，丰富了欧洲人民生活。（1分）
0109,秦汉时期政治、经济、文化全面发展，为中华文明发展奠定基础。结合所学，谈谈对中华文明的认识。,3.0,认识：中华文明深深熔铸在民族的生命力、创造力、凝聚力之中，源远流长；（１分）各族人民对中华文明有强烈的认同感和归属感；具有明显地域性特征；（１分）中华文明对今天中国人的价值观念、生活方式和中国的发展道路，具有深刻影响；（１分）中华文明在世界文明中占有重要地位，对人类的进步和世界文明发展产生了深远影响。（１分）
0507,二战后西方国家进一步修正“古典”发展模式的主要原因是什么？,4.0,主要原因：第三次科技革命的推动；（2分）经济危机教训的汲取。（2分）
0508,分析苏联模式有何弊端？,4.0,弊端：行政命令管理经济，否定市场和价值规律，企业缺乏足够的动力和活力，经济效益低下（2分）；轻重工业比例失调，牺牲了农民利益，影响人民生活水平的提高。（2分）
0509,西方国家与中国对各自经济发展模式成功修正的手段有何共同之处？纵观经济发展模式的调整过程，你能得出什么启示？,6.0,共同之处：自由放任与国家干预相结合（市场与计划相结合）。（2分）启示：任何经济模式都应适应当时生产力发展；（2分）应根据国情选择经济模式并不断调整，防止僵化。（2分）
1901,为了恢复被战争严重破坏了的俄国经济，1921年列宁采取的一项伟大的经济措施是什么？,1.0,新经济政策（1分）
1902,为推翻北洋军阀的反动统治和抗击日本侵略、挽救民族存亡，国共两党曾经两度合作。请分别说出国共两次合作的重要历史作用。,2.0,（1）第一次国共合作，进行国民革命运动，有力地推动了北伐战争的胜利进军（1分）。（2）第二次国共合作，建立抗日民族统一战线，领导全民族抗战，成为抗日战争胜利的重要保证。（1分）
1903,你认为在当今世界，国家间的相互合作应遵循怎样的原则？,3.0,以相互尊重国家主权为前提（1分）；平等协商（1分）；和平共处（1分）；互利互惠（1分）；共同发展（1分）；共同维护世界和平与安全（1分）等。（言之有理即可）
1904,说明第一次世界大战给人类带来的伤害。(I分)指出第一次世界大战中因残害众多生命被形容为“地狱”的战役。(1分),2.0,伤害:遣成大量的人员伤亡;造成严重的心灵创伤。战役:凡尔登战役。
1905,"中华民国人民一律平等,无种族、阶级、宗教之区别;人民享有人身、财产、考试、选举及被选举等自由和权利。规定的内容体现了什么原则?(1分)它是哪次革命的重要成果?(1分)",2.0,原则:平等自由原则(或民主自由原则)。革命:辛亥革命。
1906,少数民族自治县建立所依据的政治制度。(1分)边远地区的贫困县实现整族脱贫有什么重要意义?(1分),3.0,"政治制度:民族区域自治制度。意义:有利于实现各民族共同繁荣发展;有利于各民族共同团结奋斗;有利于维护民族团结,促进少数民族地区发展;有利于全面建成小康社会。"
1907,西汉文帝和景帝为什么要实行以农为本的政策?,2.0,"原因:①农业是主要生产部门,为当时社会之根本,农业收入是国家主要财源(1分);②大量土地荒.芜，人民处于饥荒,国库亏空(1分);③为保障人民基本生存,社会安定,必须实行以农为本的政策。(1分)"
1908,唐太宗统治时期出现了怎样的政治、经济局面?,2.0,政治局面:①政治清明;②社会秩序相对安定;③阶级矛盾相对缓和;④民族团结。(答出任意:一点即可得1分)经济局面:①经济得到进一步发展;②国力增强;③社会风气开放;④生产水平提高。(答出任意一点即可得1分)
1909,第一个与新中国建交的是哪一国家?中国长期以来奉行怎样的外交政策以及外交理念?,3.0,国家:苏联。(1分)政策:独立自主的和平外交政策。(1分)理念:共商共建共享的全球治理观，构建人类命运共同体。(1分)
2001,美国独立战争爆发的导火索和原因？,4.0,导火索：波士顿倾茶事件（2）根本原因：为了独立自主，为了反抗英国对殖民地的无休止的压榨。（2）
2002,新文化运动的意义,3.0,"动摇了封建思想的统治地位,人们的思想得到空前解放。（0.5分）；民主和科学思想得到弘扬,推动了中国自然科学的发展。（0.5分）；为五四运动爆发起了思想宣传动员作用。（0.5分）；后期传播的社会主义思想,为中国先进知识分子所接受,作为拯救国家、改造社会的思想武器。（0.5分）；有利于文化的普及和繁荣。（0.5分）；对东西方文化存在绝对肯定或绝对否定的偏向,一直影响到后来。（5分）"
2003,遵义会议的主要内容和意义,5.0,(1)主要内容：会议解决了博古等人在军事上和组织上的错误，取消了博古等人在军事上的指挥权，肯定毛泽东的正确主张。确立了以毛泽东为核心的党中央的正确领导。(2)意义：会议挽救了党、挽救了红军、挽救了革命，是党的历史上生死攸关的转折点
